<?xml version="1.0" encoding="UTF-8"?>
<beans xmlns="http://www.springframework.org/schema/beans"
    xmlns:xsi="http://www.w3.org/2001/XMLSchema-instance" xsi:schemaLocation="http://www.springframework.org/schema/beans http://www.springframework.org/schema/beans/spring-beans.xsd        http://camel.apache.org/schema/spring       http://camel.apache.org/schema/spring/camel-spring.xsd">
    <camelContext id="camel" xmlns="http://camel.apache.org/schema/spring">
        <route id="route2">
            <from id="_from1" uri="file:data/input?noop=true"/>
            <!-- <from id="_from1" uri="ftp:test@server.com?password=true&username=" /> -->
            <choice id="cbr1">
                <when id="case1">
                    <xpath id="path1">/order/customer/country='INDIA'</xpath>
                    <log id="route-log-path1" message="Recieved Order ${file:name}"/>
                    <to id="case1end" uri="file:data/output1/india"/>
                </when>
                <when id="case2">
                    <xpath id="path2">/order/customer/country='US'</xpath>
                    <log id="route-log-path2" message="Recieved Order ${file:name}"/>
                    <to id="case1end" uri="file:data/output1/us"/>
                </when>
                <when id="case3">
                    <xpath id="path3">/order/customer/country='UK'</xpath>
                    <log id="route-log-path3" message="Recieved Order ${file:name}"/>
                    <to id="case1end" uri="file:data/output1/uk"/>
                </when>
                <otherwise id="othercountry">
                    <to id="case1end" uri="file:data/output1/others"/>
                </otherwise>
            </choice>
        </route>
    </camelContext>
</beans>
